{"found": true, "candidate": {"period_days": 3.291331491029638, "t0_btjd": 1327.5106258808235, "duration_hours": 2.976, "depth_pct": 0.6155618826883152, "depth_snr": 118.3825571466928, "sde": 13.092966363648598, "n_transits_observed": 8, "time_system": {"format": "BTJD", "zero_point": 2457000.0, "scale": "TDB"}}, "folded": {"phase": [-0.4975, -0.4925, -0.4875, -0.4825, -0.4775, -0.4725, -0.46749999999999997, -0.4625, -0.4575, -0.4525, -0.4475, -0.4425, -0.4375, -0.4325, -0.4275, -0.4225, -0.4175, -0.4125, -0.40750000000000003, -0.4025, -0.3975, -0.3925, -0.3875, -0.3825, -0.3775, -0.3725, -0.3675, -0.3625, -0.3575, -0.3525, -0.3475, -0.34249999999999997, -0.33749999999999997, -0.33249999999999996, -0.32749999999999996, -0.3225, -0.3175, -0.3125, -0.3075, -0.3025, -0.2975, -0.2925, -0.28750000000000003, -0.28250000000000003, -0.2775, -0.2725, -0.2675, -0.2625, -0.2575, -0.2525, -0.2475, -0.2425, -0.2375, -0.23249999999999998, -0.22749999999999998, -0.22249999999999998, -0.21749999999999997, -0.2125, -0.20750000000000002, -0.2025, -0.1975, -0.1925, -0.1875, -0.1825, -0.1775, -0.1725, -0.16749999999999998, -0.16249999999999998, -0.15749999999999997, -0.15249999999999997, -0.1475, -0.14250000000000002, -0.1375, -0.1325, -0.1275, -0.1225, -0.1175, -0.11249999999999999, -0.10749999999999998, -0.10249999999999998, -0.09749999999999998, -0.09249999999999997, -0.08749999999999997, -0.08249999999999999, -0.07750000000000001, -0.07250000000000001, -0.0675, -0.0625, -0.057499999999999996, -0.05249999999999999, -0.04749999999999999, -0.04249999999999998, -0.03749999999999998, -0.03249999999999997, -0.02749999999999997, -0.022499999999999992, -0.017500000000000016, -0.012500000000000011, -0.007500000000000007, -0.0025000000000000022, 0.0025000000000000022, 0.007500000000000007, 0.012500000000000011, 0.017500000000000016, 0.02250000000000002, 0.027500000000000024, 0.03250000000000003, 0.03750000000000003, 0.04250000000000004, 0.04750000000000004, 0.05250000000000005, 0.05750000000000005, 0.06250000000000006, 0.06750000000000006, 0.07250000000000006, 0.07750000000000001, 0.08249999999999996, 0.08749999999999997, 0.09249999999999997, 0.09749999999999998, 0.10249999999999998, 0.10749999999999998, 0.11249999999999999, 0.1175, 0.1225, 0.1275, 0.1325, 0.1375, 0.14250000000000002, 0.14750000000000002, 0.15250000000000002, 0.15750000000000003, 0.16250000000000003, 0.16750000000000004, 0.17250000000000004, 0.17750000000000005, 0.18250000000000005, 0.18750000000000006, 0.19250000000000006, 0.19750000000000006, 0.2025, 0.20749999999999996, 0.21249999999999997, 0.21749999999999997, 0.22249999999999998, 0.22749999999999998, 0.23249999999999998, 0.2375, 0.2425, 0.2475, 0.2525, 0.2575, 0.2625, 0.2675, 0.2725, 0.2775, 0.28250000000000003, 0.28750000000000003, 0.29250000000000004, 0.29750000000000004, 0.30250000000000005, 0.30750000000000005, 0.31250000000000006, 0.31750000000000006, 0.32250000000000006, 0.32750000000000007, 0.3325, 0.33749999999999997, 0.34249999999999997, 0.3475, 0.3525, 0.3575, 0.3625, 0.3675, 0.3725, 0.3775, 0.3825, 0.3875, 0.3925, 0.3975, 0.4025, 0.40750000000000003, 0.41250000000000003, 0.41750000000000004, 0.42250000000000004, 0.42750000000000005, 0.43250000000000005, 0.43750000000000006, 0.44250000000000006, 0.44750000000000006, 0.45250000000000007, 0.4575, 0.46249999999999997, 0.46749999999999997, 0.4725, 0.4775, 0.4825, 0.4875, 0.4925, 0.4975], "flux": [1.0000038546957424, 1.0001039443381234, 1.000017355398608, 0.9999314497823266, 1.0001220048225796, 1.0001298176552402, 0.9998516563326292, 1.000041140019497, 1.000098591263462, 1.0000601554623978, 1.0001115255987008, 1.0002016407937948, 0.9999530645352217, 1.000013030539244, 1.0000123002180015, 1.0001114916262726, 0.9998157271048262, 0.9998296104644986, 0.9998638414937966, 1.0000333140101825, 1.0000974365049922, 1.0003814875401096, 1.0001865914903247, 0.9998352091185065, 1.0001562498985972, 1.0001353073514458, 1.0000342424613426, 1.000076074889782, 0.9999613431527193, 1.0000592370484567, 1.000011305584012, 1.0002789303945854, 1.000132020991814, 0.9999200611500543, 1.0000549843585933, 0.9999708939281953, 0.9999079537917567, 1.0000388366473163, 0.9999538225758005, 0.9999817119986576, 1.0002260666727911, 0.9998397803653747, 1.000174720799922, 1.0001224893335485, 1.000065496418801, 0.9999622619105292, 0.9997629503450154, 1.0000661358903624, 1.0000353450202293, 0.9997923031886736, 1.00005418224558, 0.999930175537179, 0.999925550313658, 1.0001549428217422, 1.0001447571135054, 1.000122525668721, 1.0001253187227654, 1.0001731943992673, 0.9999187458020389, 1.0000741039863836, 1.0000366653158825, 0.9999500784740164, 1.0002163837857283, 1.0001377711337192, 0.9997018952324055, 0.9998810452388879, 1.0000821647943858, 0.999808952297722, 1.0001041374304354, 1.0001233043816213, 0.9996848999527952, 0.999986159908222, 0.9999417698631283, 0.9998450463937846, 0.9999055611685937, 0.9998642921491212, 0.9999623622293412, 0.9999866144665434, 1.0001980094553213, 1.0002915018619989, 1.0004105709538524, 1.0004384226929417, 1.0002521776128432, 1.0005117195845024, 1.0003796405544794, 1.0006721048426885, 1.0004381625191785, 1.0002357153250188, 1.0003769564222509, 1.000392914306528, 1.000378589078767, 1.0003456359343308, 1.000153657246746, 1.0005741764643634, 1.000361677655356, 0.9997255310769247, 0.9960545922721438, 0.9937900150929478, 0.9937843372903189, 0.9933943500871122, 0.9932035526947137, 0.9935073718736426, 0.9935722321189044, 0.9955268984673236, 0.9991421812997426, 1.0004313479892317, 1.0002586926049952, 1.0003272530270715, 1.0003709914250065, 1.000352764178552, 1.00012230418121, 1.0003484586361706, 1.0004563456300533, 1.0005394088883464, 1.0002674093119395, 1.0004317797705389, 1.0003372920475047, 1.0002724342281246, 1.0001463171894511, 1.0003183985353217, 1.0003832333028184, 1.0003293714807295, 1.000053228894234, 1.0003676530732177, 1.000066913077499, 0.9999497971675948, 1.000166955893683, 1.0001933219052577, 1.0000561292330004, 0.9999981341461162, 0.9997770712836969, 1.0000299246991993, 1.0001170342719037, 1.0001843612162722, 1.0001889038935874, 1.0000360901155418, 0.9998195467027723, 1.0001465691417546, 0.9998826452987113, 1.0000921393444238, 1.00027082266936, 0.9998236291863748, 1.000083678289034, 1.0000117588690478, 0.9999508196736707, 0.9998909175951112, 1.0000137419211679, 0.9998651197733797, 1.0001911437629976, 1.0000979874456102, 0.9999616685461296, 0.9998338357340236, 0.999980308162367, 1.000180819782685, 0.9998183211377302, 0.9998789236657314, 1.0001073697972866, 1.000084069890581, 0.9998934309069097, 0.999973842943386, 1.000010945408412, 1.0000319453125988, 0.9997844453359886, 0.9995427454710342, 0.9998296294503355, 0.9999195209844991, 1.0003498434724731, 0.9999246552427259, 0.9997196267798096, 0.9998532887118934, 0.999772104425816, 0.9998423105345896, 1.0001068097374266, 1.0000301530891735, 0.9998660205199392, 1.0000097490780107, 0.9999110815096397, 0.999952149995072, 1.0001028074494351, 0.9998481474385135, 0.9999913385734096, 0.9999575364370776, 0.9999175844185298, 1.0000631118576868, 1.000174054712543, 0.9999478964487372, 0.9998764678511185, 1.0001325593409036, 0.999955999893968, 0.999883951997983, 1.0004441636907393, 0.9999272774896094, 0.9999874530537284, 0.9999773623106846, 1.0000035177396307, 0.9996865244538988, 0.999912060554229, 1.0001368836440567, 1.0003096277673569, 0.9999707794645394], "bins": 200}, "diagnostics": {"baseline_days": 27.880683607256515, "cadence_seconds": 120.00058557896409, "search": {"min_period_days": 0.5, "max_period_days": 13.940341803628257, "n_durations": 25, "n_periods": 2500}}}